Scenario,Model,N,TP,FP,TN,FN,ROC_AUC,AUC_L,AUC_U,Sensitivity,Sens_L,Sens_U,Specificity,Spec_L,Spec_U,Accuracy,Acc_L,Acc_U
shift,Logistic Regression,800,292,38,362,108,0.9163250000000001,0.8966831864796011,0.9359668135203988,0.73,0.6836440009316516,0.7729153041183728,0.905,0.8719393540049799,0.9318932844768992,0.8175,0.7889557561936777,0.8436809494090212
shift,Random Forest,800,156,60,340,244,0.7386,0.7034058379464446,0.7737941620535554,0.39,0.3419209848871293,0.43971933305841315,0.85,0.8111778635180942,0.8835415213926012,0.62,0.5853475493356822,0.6537645768149433
shift,XGBoost,800,120,53,347,280,0.8005156250000001,0.7680385940505662,0.832992655949434,0.3,0.25546672809530985,0.3475218790736496,0.8675,0.8302931324205225,0.8991495353349428,0.58375,0.5487102722609242,0.6181702889783993
shift,Tuned multianalyte PBRTQC,782,391,360,31,0,0.7757275266383657,0.7431986954283696,0.8082563578483621,1,0.9906098907156844,1,0.0792838874680307,0.05450332879344211,0.11065073941621184,0.5396419437340153,0.5039750131285763,0.5750089326563728
drift,Logistic Regression,800,143,38,362,257,0.737296875,0.7031602166955292,0.7714335333044707,0.3575,0.31049025737605584,0.4066359186287539,0.905,0.8719393540049799,0.9318932844768992,0.63125,0.5967575898557306,0.6647711599140071
drift,Random Forest,800,74,60,340,326,0.587003125,0.5473977308518083,0.6266085191481918,0.185,0.1481491361430474,0.22658691489622318,0.85,0.8111778635180942,0.8835415213926012,0.5175,0.48223849491958537,0.5526321106808898
drift,XGBoost,800,67,53,347,333,0.6476125,0.6094862301520658,0.6857387698479342,0.1675,0.13223168108557054,0.20777542933255821,0.8675,0.8302931324205225,0.8991495353349428,0.5175,0.48223849491958537,0.5526321106808898
drift,Tuned multianalyte PBRTQC,782,355,360,31,36,0.542238734702154,0.5017250883611228,0.5827523810431852,0.907928388746803,0.8748141322456016,0.9346798568581227,0.0792838874680307,0.05450332879344211,0.11065073941621184,0.4936061381074169,0.4580062590823127,0.529254391384985
hemolysis,Logistic Regression,800,303,38,362,97,0.9206875,0.9015755624746942,0.9397994375253058,0.7575,0.7124313881178147,0.7987116531130092,0.905,0.8719393540049799,0.9318932844768992,0.83125,0.8034629320527594,0.8565691756969395
hemolysis,Random Forest,800,254,60,340,146,0.814425,0.7847925772722751,0.8440574227277248,0.635,0.5857092334541839,0.6822767930661615,0.85,0.8111778635180942,0.8835415213926012,0.7425,0.7107162644114541,0.7724848534484399
hemolysis,XGBoost,800,228,53,347,172,0.825221875,0.7965638281826499,0.8538799218173501,0.57,0.5198657645627314,0.6190908973513104,0.8675,0.8302931324205225,0.8991495353349428,0.71875,0.6862018555071222,0.7496765992665387
hemolysis,Tuned multianalyte PBRTQC,782,391,360,31,0,0.9445712678488497,0.9229402423717749,0.9662022933259246,1,0.9906098907156844,1,0.0792838874680307,0.05450332879344211,0.11065073941621184,0.5396419437340153,0.5039750131285763,0.5750089326563728
mixed,Logistic Regression,800,375,38,362,25,0.9715125,0.9599493953526789,0.9830756046473211,0.9375,0.9091176304486912,0.9591485429904449,0.905,0.8719393540049799,0.9318932844768992,0.92125,0.9003665926315478,0.9389584623959061
mixed,Random Forest,800,328,60,340,72,0.9027625,0.8819027533634669,0.9236222466365331,0.82,0.7787743019040428,0.8564124164810146,0.85,0.8111778635180942,0.8835415213926012,0.835,0.8074299160580669,0.8600735770119833
mixed,XGBoost,800,314,53,347,86,0.9061281250000001,0.8863084810054711,0.925947768994529,0.785,0.7414517139179753,0.8242726847695605,0.8675,0.8302931324205225,0.8991495353349428,0.82625,0.7981807466289055,0.8518894529162933
mixed,Tuned multianalyte PBRTQC,782,391,360,31,0,0.967360234430701,0.95267221529461,0.9820482535667919,1,0.9906098907156844,1,0.0792838874680307,0.05450332879344211,0.11065073941621184,0.5396419437340153,0.5039750131285763,0.5750089326563728
