window,z_limit,TP,FP,TN,FN,Sensitivity,Specificity,Accuracy,Balanced_Accuracy
10,1.5,579,4497,4496,419,0.5801603206412825,0.4999444012009341,0.5079571614453008,0.5400523609211083
10,2,284,2025,6968,714,0.2845691382765531,0.7748248637829422,0.725853267941147,0.5296970010297477
10,2.5,122,752,8241,876,0.12224448897795591,0.9163794062048259,0.8370533480132119,0.5193119475913909
10,3,48,243,8750,950,0.04809619238476954,0.9729789836539531,0.8805925332799519,0.5105375880193613
20,1.5,553,4602,4382,444,0.5546639919759278,0.4877560106856634,0.4944394349263601,0.5212100013307955
20,2,288,2192,6792,709,0.2888665997993982,0.7560106856634016,0.7093477607454163,0.5224386427313998
20,2.5,123,795,8189,874,0.12337011033099297,0.9115093499554764,0.8327822863440537,0.5174397301432346
20,3,38,293,8691,959,0.03811434302908726,0.9673864648263579,0.8745616671676185,0.5027504039277226
30,1.5,565,4698,4276,432,0.5667001003009027,0.4764876309338088,0.48550797312205396,0.5215938656173558
30,2,307,2182,6792,690,0.30792377131394183,0.7568531312681078,0.711964697623107,0.5323884512910249
30,2.5,122,874,8100,875,0.12236710130391174,0.9026075328727435,0.8245913148129576,0.5124873170883276
30,3,49,300,8674,948,0.04914744232698094,0.9665700913750835,0.8748370273794003,0.5078587668510323
50,1.5,590,4906,4051,404,0.5935613682092555,0.45227196606006476,0.4663852879107627,0.5229166671346601
50,2,303,2510,6447,691,0.30482897384305835,0.7197722451713744,0.6783237865541152,0.5123006095072163
50,2.5,134,1032,7925,860,0.13480885311871227,0.8847828514011388,0.8098683549392021,0.5097958522599255
50,3,53,338,8619,941,0.05331991951710262,0.9622641509433962,0.8714702039995981,0.5077920352302494
100,1.5,646,5580,3334,341,0.6545086119554204,0.37401839802557774,0.401979598020402,0.5142635049904991
100,2,358,3103,5811,629,0.36271529888551163,0.6518958940991698,0.6230683769316231,0.5073055964923407
100,2.5,159,1362,7552,828,0.16109422492401215,0.8472066412385012,0.7788102211897788,0.5041504330812567
100,3,55,401,8513,932,0.05572441742654509,0.9550145838007629,0.8653671346328654,0.5053695006136539
